player_name,position,stat_season,start_year,aav,cap_at_signing,aav_pct_cap,age_at_signing,gp_pct,toi_per_game,save_pct,hd_save_pct,gsaa,gsaa_per60,gaa,sa_per60,position_group
Igor Shesterkin,G,2024,2025,11500000.0,88000000.0,0.13068181818181818,28.0,0.7439024390243902,57.461202185792345,0.9046259280411194,0.793859649122807,21.560000000000002,0.3690587138863001,2.858664435019115,29.97318218993096,G
Carey Price,G,2019,2018,10500000.0,,,30.0,0.7073170731707317,59.30718390804598,0.9084186575654153,0.6896551724137931,-9.370000000000005,-0.16343894296692177,2.8082892014593805,30.66442494512789,G
Andrei Vasilevskiy,G,2019,2020,9500000.0,81500000.0,0.1165644171779141,25.0,0.6341463414634146,59.32435897435898,0.9170886075949367,0.7142857142857143,3.8000000000000114,0.07390919110496424,2.54792211440797,30.730663669958723,G
Sergei Bobrovsky,G,2019,2019,10000000.0,81500000.0,0.12269938650306748,30.0,0.6097560975609756,55.70733333333334,0.898406374501992,0.7285714285714285,-12.919999999999987,-0.27831165256519164,3.2957958856404304,32.440971266499915,G
Jake Oettinger,G,2024,2025,8250000.0,88000000.0,0.09375,26.0,0.7073170731707317,58.79425287356322,0.9087523277467412,0.7719298245614035,10.650000000000006,0.1873863658579501,2.5864596977576193,28.34548689175187,G
Jeremy Swayman,G,2023,2024,8250000.0,88000000.0,0.09375,25.0,0.5365853658536586,58.314772727272725,0.916083916083916,0.7516778523489933,18.409999999999997,0.43050061383167365,2.525478886139096,30.09529005982423,G
Ilya Sorokin,G,2023,2024,8250000.0,88000000.0,0.09375,27.0,0.6829268292682927,59.39255952380952,0.9083424807903403,0.7661691542288557,1.4300000000000068,0.02579688212508594,3.012642877544987,32.868474987347106,G
Juuse Saros,G,2024,2025,7740000.0,88000000.0,0.08795454545454545,29.0,0.7073170731707317,57.8933908045977,0.8951663527934715,0.7393939393939394,-7.4199999999999875,-0.132586154693774,2.984081918310013,28.46492512495719,G
Connor Hellebuyck,G,2023,2024,8500000.0,88000000.0,0.09659090909090909,30.0,0.7317073170731707,59.455555555555556,0.9210233592880979,0.7389162561576355,33.120000000000005,0.5570547561203514,2.3883386282937766,30.24107643431134,G
Dustin Wolf,G,2024,2026,7500000.0,,,24.0,0.6463414634146342,60.044654088050315,0.9096191091026469,0.7567567567567568,11.930000000000007,0.22492694116538017,2.6395449927203023,29.20467995516963,G
John Gibson,G,2019,2019,6400000.0,81500000.0,0.0785276073619632,25.0,0.6341463414634146,57.87916666666667,0.9038461538461539,0.6636363636363637,-18.02000000000001,-0.35923647297918426,2.990314702934385,31.099272910517605,G
Adin Hill,G,2024,2025,6250000.0,88000000.0,0.07102272727272728,28.0,0.6097560975609756,58.80433333333333,0.9064191802010828,0.7297297297297297,14.530000000000001,0.29650876069223925,2.4692057841542288,26.385810569515854,G
Jordan Binnington,G,2020,2021,6000000.0,81500000.0,0.0736196319018405,27.0,0.5121951219512195,58.27777777777777,0.9098497495826378,0.6972477064220184,0.0799999999999983,0.0019610513414135495,2.647419310908348,29.36674383766853,G
Jacob Markstrom,G,2019,2020,6000000.0,81500000.0,0.0736196319018405,29.0,0.524390243902439,59.36782945736434,0.9169623846699787,0.7009345794392523,1.0300000000000011,0.024208553950211886,2.7499037011405703,33.11636166587234,G
Phillip Grubauer,G,2020,2021,5900000.0,81500000.0,0.07239263803680981,29.0,0.4878048780487805,59.17,0.9224572004028198,0.7701149425287356,5.239999999999995,0.13283758661483847,1.95200270407301,25.173229677201284,G
Logan Thompson,G,2024,2025,5850000.0,88000000.0,0.06647727272727273,27.0,0.524390243902439,58.95697674418605,0.9104095563139932,0.7935483870967742,25.960000000000008,0.6144015147032721,2.4850600556180105,27.738003668421985,G
Filip Gustavsson,G,2024,2026,6800000.0,,,27.0,0.7073170731707317,59.02729885057472,0.9137625516834023,0.7613636363636364,15.319999999999993,0.2684906165567265,2.55872258598447,29.67066669912129,G
Linus Ullmark,G,2024,2025,8250000.0,88000000.0,0.09375,31.0,0.5365853658536586,56.07462121212121,0.9089430894308943,0.7533333333333333,13.840000000000003,0.3365645075217683,2.7236434134709566,29.911441058654255,G
Lukas Dostal,G,2024,2025,6500000.0,88000000.0,0.07386363636363637,25.0,0.6585365853658537,56.62314814814815,0.9027692307692308,0.7714285714285715,14.349999999999994,0.2815888018576357,3.100420257387209,31.887233659836806,G
Elvis Merzlikins,G,2021,2022,5400000.0,82500000.0,0.06545454545454546,27.0,0.7195121951219512,56.273163841807914,0.9073881373569199,0.71875,4.030000000000001,0.07282876605741767,3.216754431320185,34.73371919661457,G
Tristan Jarry,G,2022,2023,5375000.0,83500000.0,0.06437125748502993,28.0,0.573170731707317,56.38368794326241,0.9094766619519095,0.638095238095238,-2.819999999999993,-0.06384825348108814,2.898076753751525,32.01469163909888,G
MacKenzie Blackwood,G,2024,2025,5250000.0,88000000.0,0.05965909090909091,28.0,0.6829268292682927,57.56488095238095,0.9116129032258065,0.7861635220125787,13.319999999999993,0.2479190147762875,2.5499177946209763,28.84943490264608,G
Darcy Kuemper,G,2021,2022,5250000.0,82500000.0,0.06363636363636363,31.0,0.6951219512195121,57.171052631578945,0.9213675213675213,0.7125,20.97,0.3860989643268124,2.5408515535097815,32.313003452243954,G
Thatcher Demko,G,2024,2026,8500000.0,,,29.0,0.2804878048780488,56.607246376811595,0.8892794376098418,0.7625,1.4399999999999977,0.0663611459586778,2.9033001356921577,26.221869479505365,G
Joey Daccord,G,2024,2025,5000000.0,88000000.0,0.056818181818181816,28.0,0.6951219512195121,57.81140350877193,0.905625,0.7889447236180904,19.05000000000001,0.34686290873226633,2.749412032470981,29.132842728169333,G
Thatcher Demko,G,2021,2022,5000000.0,82500000.0,0.06060606060606061,26.0,0.7804878048780488,57.82265625,0.9145907473309609,0.6894409937888198,10.5,0.17024036317944144,2.723845810871063,31.89169470228203,G
Karel Vejmelka,G,2024,2025,4750000.0,88000000.0,0.05397727272727273,28.0,0.7073170731707317,58.07471264367816,0.9039098740888005,0.6503067484662577,14.180000000000007,0.2525878278080159,2.5828797624938145,26.87976249381494,G
Ukko-Pekka Luukkonen,G,2023,2024,4750000.0,88000000.0,0.05397727272727273,25.0,0.6585365853658537,57.059876543209874,0.9102040816326531,0.7573529411764706,9.449999999999989,0.18401722254075728,2.5703992989820095,28.624901284117833,G
Igor Shesterkin,G,2020,2021,5666667.0,81500000.0,0.0695296564417178,25.0,0.4268292682926829,54.257619047619045,0.9159919028340081,0.6951219512195121,2.989999999999995,0.09446994497152018,2.622409843691033,31.216155729719766,G
Kevin Lankinen,G,2024,2025,4500000.0,88000000.0,0.05113636363636364,29.0,0.6219512195121951,59.211437908496734,0.9018587360594795,0.7835820895522388,0.09000000000000341,0.0017882077632501907,2.6227047194335134,26.723771573015725,G
Joonas Korpisalo,G,2022,2023,4000000.0,83500000.0,0.04790419161676647,29.0,0.47560975609756095,55.69102564102564,0.9138359569179785,0.7218045112781954,12.739999999999995,0.3519418034485139,2.8729943138654206,33.34330900803426,G
Juuse Saros,G,2020,2021,5000000.0,81500000.0,0.06134969325153374,25.0,0.43902439024390244,56.98240740740741,0.927170868347339,0.6753246753246753,13.150000000000006,0.3846216343575829,2.2814058920069544,31.32545782486472,G
Linus Ullmark,G,2020,2021,5000000.0,81500000.0,0.06134969325153374,27.0,0.24390243902439024,55.854166666666664,0.9170896785109983,0.6486486486486487,-3.5700000000000003,-0.19174934725848566,2.6318537859007836,31.74337933606863,G
Spencer Knight,G,2024,2026,5833333.0,,,24.0,0.4634146341463415,57.96973684210526,0.9011857707509882,0.792,6.900000000000006,0.18793835258869207,2.723744240415825,27.564291713008153,G
Anthony Stolarz,G,2024,2026,3750000.0,,,31.0,0.4146341463414634,58.438235294117646,0.9256544502617801,0.8198198198198198,25.78,0.778499169560622,2.1440434848256076,28.838894760682468,G
Spencer Knight,G,2022,2023,4500000.0,83500000.0,0.05389221556886228,21.0,0.25609756097560976,55.654761904761905,0.9011164274322169,0.7627118644067796,-4.479999999999997,-0.22998930481283406,3.182887700534759,32.188235294117646,G
Jacob Markstrom,G,2024,2026,6000000.0,,,35.0,0.5975609756097561,59.2452380952381,0.9003294892915981,0.8306451612903226,3.430000000000007,0.07089177349998003,2.5008468202616814,25.091140824774225,G
Filip Gustavsson,G,2022,2023,3750000.0,83500000.0,0.04491017964071856,25.0,0.47560975609756095,59.25470085470086,0.9309462915601023,0.7291666666666666,24.159999999999997,0.6272790214631894,2.103046388183706,30.455227325178857,G
Joseph Woll,G,2024,2025,3666667.0,88000000.0,0.04166667045454545,25.0,0.5121951219512195,58.15079365079365,0.9087171052631579,0.8344827586206897,16.849999999999994,0.41394840999044613,2.726900504981575,29.87307219871707,G
Semyon Varlamov,G,2022,2023,2750000.0,83500000.0,0.03293413173652695,35.0,0.2804878048780488,58.03188405797101,0.9129172714078374,0.7931034482758621,3.549999999999997,0.15958243843963824,2.697167973627691,30.972478897157984,G
Adin Hill,G,2022,2023,4900000.0,83500000.0,0.058682634730538925,27.0,0.32926829268292684,55.21851851851852,0.9141274238227147,0.7288135593220338,0.8699999999999974,0.03501240861224753,2.495137165470521,29.05627473338252,G
Samuel Montembeault,G,2023,2024,3150000.0,88000000.0,0.03579545454545455,27.0,0.5,59.238211382113825,0.9028309104820199,0.7880794701986755,3.3400000000000034,0.08251101382045765,3.137394836885662,32.28799253393354,G
Jake Allen,G,2024,2025,1800000.0,88000000.0,0.020454545454545454,34.0,0.3780487804878049,56.06989247311828,0.9062119366626066,0.8114754098360656,18.42,0.6358423626426312,2.657972960015342,28.340205197046693,G
Charlie Lindgren,G,2024,2025,3000000.0,88000000.0,0.03409090909090909,31.0,0.47560975609756095,58.64102564102564,0.894630192502533,0.7155963302752294,-0.9699999999999989,-0.025448185395714883,2.728465238303454,25.89418452120682,G
Petr Mrazek,G,2023,2024,4250000.0,88000000.0,0.048295454545454544,31.0,0.6829268292682927,56.297619047619044,0.9072463768115943,0.7976190476190477,1.5999999999999943,0.030450412349333787,3.0450412349333895,32.82935081412561,G
Karel Vejmelka,G,2021,2022,2725000.0,82500000.0,0.03303030303030303,25.0,0.6341463414634146,53.33141025641025,0.8981426003594967,0.6349206349206349,-23.19999999999999,-0.5019411757635489,3.678017236198421,36.10947510126567,G
Pyotr Kochetkov,G,2022,2023,2000000.0,83500000.0,0.023952095808383235,23.0,0.2926829268292683,58.49722222222223,0.9090909090909091,0.8253968253968254,4.920000000000002,0.2102663944156893,2.4360131060354244,26.796144166389666,G
Stuart Skinner,G,2022,2023,2600000.0,83500000.0,0.031137724550898204,24.0,0.6097560975609756,58.06166666666667,0.9134677944046844,0.672,6.75,0.13950684616930276,2.7488015615581136,31.766225564773084,G
Joel Hofer,G,2024,2025,3400000.0,88000000.0,0.038636363636363635,24.0,0.3780487804878049,54.15537634408602,0.9035202086049544,0.7936507936507936,-4.340000000000003,-0.15510925354168126,2.6447199912636874,27.41216531485471,G
Daniel Vladar,G,2024,2025,3350000.0,88000000.0,0.03806818181818182,27.0,0.36585365853658536,59.367777777777775,0.8975308641975308,0.7906976744186046,0.9099999999999966,0.030656360539761444,2.7961295876925383,27.287529711216337,G
Alex Nedeljkovic,G,2024,2026,3000000.0,,,30.0,0.4634146341463415,56.60131578947368,0.8937381404174574,0.746031746031746,-0.980000000000004,-0.027338029151265892,3.124346188716089,29.40232931166748,G
Connor Ingram,G,2022,2023,1950000.0,83500000.0,0.023353293413173652,26.0,0.32926829268292684,58.76543209876544,0.9072916666666667,0.7241379310344828,3.680000000000007,0.13915966386554648,3.3655462184873945,36.30252100840336,G
Arvid Söderblom,G,2024,2025,2750000.0,88000000.0,0.03125,25.0,0.43902439024390244,58.236111111111114,0.8978840846366145,0.8067226890756303,0.9599999999999937,0.027474362031957848,3.1767231099451467,31.108991175769138,G
Cameron Talbot,G,2023,2024,2500000.0,88000000.0,0.028409090909090908,36.0,0.6585365853658537,57.705864197530865,0.9128101945003353,0.7448275862068966,10.740000000000009,0.2067958516743598,2.503115523060219,28.708809576021437,G
Anthony Stolarz,G,2023,2024,2500000.0,88000000.0,0.028409090909090908,30.0,0.32926829268292684,55.794444444444444,0.9254385964912281,0.7727272727272727,20.069999999999993,0.7993627402170663,2.031265558100169,27.242855720402268,G
Alex Nedeljkovic,G,2023,2024,2500000.0,88000000.0,0.028409090909090908,28.0,0.4634146341463415,54.22280701754386,0.9018286814244466,0.6853932584269663,-3.299999999999997,-0.09609473582036424,2.970200925356715,30.25528197495713,G
MacKenzie Blackwood,G,2022,2023,2350000.0,83500000.0,0.0281437125748503,26.0,0.2682926829268293,51.16136363636363,0.8934280639431617,0.746268656716418,-0.8599999999999994,-0.0458442539203056,3.1984363200213233,30.01199413620008,G
Anton Forsberg,G,2024,2025,2250000.0,88000000.0,0.02556818181818182,32.0,0.36585365853658536,55.88444444444444,0.9010416666666666,0.7659574468085106,2.230000000000004,0.07980753936694782,2.719898202640369,27.485287100365834,G
Alex Lyon,G,2024,2025,1500000.0,88000000.0,0.017045454545454544,32.0,0.36585365853658536,51.98777777777778,0.8964539007092198,0.8518518518518519,2.3700000000000045,0.09117527624014209,2.808352390519139,27.121759387890314,G
Scott Wedgewood,G,2023,2024,1500000.0,88000000.0,0.017045454545454544,31.0,0.3902439024390244,55.91041666666667,0.8992890995260664,0.6666666666666666,-9.370000000000005,-0.31423035361627616,2.8505421619406044,28.30420687856318,G
Casey DeSmith,G,2023,2024,1000000.0,88000000.0,0.011363636363636364,32.0,0.35365853658536583,57.36149425287356,0.8947368421052632,0.7578947368421053,-0.4200000000000017,-0.015148934464827884,2.8855113266338708,27.41235760302177,G
Samuel Ersson,G,2023,2024,1450000.0,88000000.0,0.016477272727272726,23.0,0.6219512195121951,55.08758169934641,0.8903654485049833,0.7602739726027398,-4.760000000000005,-0.10165630487399754,2.819040387262114,25.713065350481706,G
Frederik Andersen,G,2024,2025,2750000.0,88000000.0,0.03125,35.0,0.2682926829268293,59.9780303030303,0.8992673992673993,0.810126582278481,8.950000000000003,0.40696719758497446,2.5009157393490042,24.827272612446478,G
Justus Annunen,G,2024,2026,1250000.0,,,25.0,0.4146341463414634,52.641666666666666,0.8832923832923832,0.8160919540229885,-9.099999999999994,-0.30505917738315824,3.1846837199340716,27.287711031856148,G
Scott Wedgewood,G,2024,2026,2500000.0,,,33.0,0.2926829268292683,57.21180555555555,0.9083044982698962,0.7931034482758621,3.1700000000000017,0.13852036171633195,2.315955574437094,25.257024943861143,G
Ilya Samsonov,G,2023,2024,1800000.0,88000000.0,0.020454545454545454,27.0,0.4878048780487805,57.524166666666666,0.889604415823367,0.7426470588235294,-8.14,-0.21225861594402354,3.12911964536644,28.344608787611005,G
Jonathan Quick,G,2024,2025,1550000.0,88000000.0,0.017613636363636363,39.0,0.2926829268292683,55.236805555555556,0.893455098934551,0.7903225806451613,-5.3799999999999955,-0.2434970644070351,3.168177417935404,29.735608051193722,G
Vitek Vanecek,G,2024,2025,1500000.0,88000000.0,0.017045454545454544,29.0,0.3048780487804878,55.745333333333335,0.8839779005524862,0.7727272727272727,-8.530000000000001,-0.36724150302566433,3.6164462197134584,31.170322179435047,G
Jonathan Quick,G,2023,2024,1300000.0,88000000.0,0.014772727272727272,38.0,0.32926829268292684,58.619753086419756,0.9105058365758755,0.8571428571428571,9.840000000000003,0.37302556758350547,2.615728065372141,29.227917947853925,G
Daniil Tarasov,G,2024,2025,1050000.0,88000000.0,0.011931818181818182,26.0,0.24390243902439024,55.020833333333336,0.8805147058823529,0.8333333333333334,-4.359999999999999,-0.2377281332828474,3.544112078758046,29.66149185914426,G
David Rittich,G,2024,2025,1000000.0,88000000.0,0.011363636363636364,32.0,0.4146341463414634,54.719607843137254,0.8860103626943006,0.7605633802816901,-11.379999999999995,-0.3670046941627547,2.8379976350019707,24.89697925251729,G
Kevin Lankinen,G,2023,2024,875000.0,88000000.0,0.009943181818181818,29.0,0.2926829268292683,49.642361111111114,0.9081967213114754,0.75,4.079999999999998,0.20546967895362653,2.820172064069385,30.719731412184373,G
James Reimer,G,2024,2025,850000.0,88000000.0,0.009659090909090909,37.0,0.2926829268292683,56.78472222222222,0.8960843373493976,0.7878787878787878,8.010000000000005,0.3526476702947294,3.0377889201418617,29.23321511556806,G
